method,mammoth,uniform_10,unifrom_50,line,non_uniform_10_1,non_uniform_10_075,non_uniform_10_05,squares_10,squares_20,squares_100,gaussian_manifold_10,gaussian_manifold_20,gaussian_manifold_100
mle_5,2.0722021581492225,9.624633821211026,35.697660042702,1.0068256432002327,5.383475708966878,4.815899915492258,4.094021309112132,9.096842395946931,,,,,
mle_20,2.065070732566486,9.473512932300894,33.994813306093725,1.000637481910026,5.01507580422205,4.4756231807101905,3.8252785790706163,8.94375894585597,,,,,
lpca,3,11,51,32,5,4,3,10,,,,,
ppca,3,11,51,96,11,11,11,10,,,,,
