method,mammoth,uniform_10,unifrom_50,line,non_uniform_10_1,non_uniform_10_075,non_uniform_10_05,squares_10,squares_20,squares_100,gaussian_manifold_10,gaussian_manifold_20,gaussian_manifold_100
mle_5,2.066786308104504,9.64397911294002,35.60690939673514,0.0,5.3667484649710495,4.827289586333259,4.117633495327589,8.480457874253913,14.961425039133015,37.69049835174147,8.880428512309027,16.34040151797293,39.65664366433755
mle_20,2.0650156867194527,9.500374429278262,34.00509787113291,0.0,4.987241317947943,4.492374570951611,3.8263257486923217,8.170866608856336,14.362545569304789,34.4217420120664,8.668910908381038,15.754603559560307,35.31444057592942
lpca,3.0,11.0,51.0,32.0,5.0,4.0,3.0,10.0,20,78,10,20,18
ppca,3.0,11.0,51.0,98.0,12.0,12.0,12.0,10.0,20,99,136,264,985
