method,mammoth,uniform_10,unifrom_50,line,non_uniform_10_1,non_uniform_10_075,non_uniform_10_05,squares_10,squares_20,squares_100,gaussian_manifold_10,gaussian_manifold_20,gaussian_manifold_100
mle_5,2.070400868683609,9.627547782453519,35.49212719314525,0.0,5.3776828355435,4.824832919004568,4.094048506002885,8.80940549257437,15.715805030573328,40.898625277288154,9.027051298385961,16.764674556998035,42.97225207119295
mle_20,2.0635932092418896,9.490153921958202,33.98566639546999,0.0,4.979269881464518,4.493082580778897,3.82248960562564,8.622482851911046,15.207622051003217,38.0184399908483,8.884168392859745,16.431449154630652,39.551795038132774
lpca,3,11,51,32,5,4,3,10,20,79,10,19,18
ppca,3,11,51,96,11,11,11,10,20,99,136,264,989
