method,mammoth,uniform_10,unifrom_50,line
mle_5,2.072288552586519,9.61144531409684,35.52143788942463,0.0
mle_20,2.060702556849964,9.458233582326887,34.04094456358647,0.0
lpca,3,11,51,32
