method,mammoth,uniform_10,unifrom_50,line,non_uniform_10_1,non_uniform_10_075,non_uniform_10_05
mle_5,2.0667863081045037,9.64397911294002,35.60690939673514,0.0,5.3667484649710495,4.827289586333259,4.117633495327589
mle_20,2.0650156867194527,9.500374429278262,34.00509787113291,0.0,4.987241317947943,4.492374570951611,3.8263257486923217
lpca,3.0,11.0,51.0,32.0,5.0,4.0,3.0
ppca,3,11,51,98,12,12,12
