{
    "snr: 0.001, n_steps: 1": 4.24554443359375,
    "snr: 0.001, n_steps: 3": 4.318734645843506,
    "snr: 0.001, n_steps: 5": 4.325766086578369,
    "snr: 0.001, n_steps: 10": 4.1087188720703125,
    "snr: 0.001, n_steps: 20": 3.804184675216675,
    "snr: 0.005, n_steps: 1": 3.6862854957580566,
    "snr: 0.005, n_steps: 3": 2.644650936126709,
    "snr: 0.005, n_steps: 5": 1.924573302268982,
    "snr: 0.005, n_steps: 10": 0.8992331624031067,
    "snr: 0.005, n_steps: 20": 0.3448844254016876,
    "snr: 0.01, n_steps: 1": 2.1763899326324463,
    "snr: 0.01, n_steps: 3": 0.6899681091308594,
    "snr: 0.01, n_steps: 5": 0.3153250813484192,
    "snr: 0.01, n_steps: 10": 0.2642587423324585,
    "snr: 0.01, n_steps: 20": 0.27300986647605896,
    "snr: 0.05, n_steps: 1": 0.2576107978820801,
    "snr: 0.05, n_steps: 3": 0.2474709451198578,
    "snr: 0.05, n_steps: 5": 0.25921547412872314,
    "snr: 0.05, n_steps: 10": 0.26489266753196716,
    "snr: 0.05, n_steps: 20": 0.25756964087486267,
    "snr: 0.1, n_steps: 1": 0.299757182598114,
    "snr: 0.1, n_steps: 3": 0.3003948926925659,
    "snr: 0.1, n_steps: 5": 0.29186519980430603,
    "snr: 0.1, n_steps: 10": 0.28604358434677124,
    "snr: 0.1, n_steps: 20": 0.28377005457878113,
    "snr: 0.5, n_steps: 1": 13.88408088684082,
    "snr: 0.5, n_steps: 3": 13.858725547790527,
    "snr: 0.5, n_steps: 5": 14.169921875,
    "snr: 0.5, n_steps: 10": 13.705062866210938,
    "snr: 0.5, n_steps: 20": 14.310929298400879
}